<annotation>
	<folder>livelong</folder>
	<filename>livelong.7e4f56b4-c502-11ee-8c93-f079598d27b3.jpg</filename>
	<path>C:\Users\Zyad\Desktop\TFODCourse\Tensorflow\workspace\images\collectedimages\livelong\livelong.7e4f56b4-c502-11ee-8c93-f079598d27b3.jpg</path>
	<source>
		<database>Unknown</database>
	</source>
	<size>
		<width>640</width>
		<height>480</height>
		<depth>3</depth>
	</size>
	<segmented>0</segmented>
	<object>
		<name>LiveLong</name>
		<pose>Unspecified</pose>
		<truncated>0</truncated>
		<difficult>0</difficult>
		<bndbox>
			<xmin>238</xmin>
			<ymin>103</ymin>
			<xmax>345</xmax>
			<ymax>306</ymax>
		</bndbox>
	</object>
</annotation>
