<annotation>
	<folder>livelong</folder>
	<filename>livelong.7be2481c-c502-11ee-a7cf-f079598d27b3.jpg</filename>
	<path>C:\Users\Zyad\Desktop\TFODCourse\Tensorflow\workspace\images\collectedimages\livelong\livelong.7be2481c-c502-11ee-a7cf-f079598d27b3.jpg</path>
	<source>
		<database>Unknown</database>
	</source>
	<size>
		<width>640</width>
		<height>480</height>
		<depth>3</depth>
	</size>
	<segmented>0</segmented>
	<object>
		<name>LiveLong</name>
		<pose>Unspecified</pose>
		<truncated>0</truncated>
		<difficult>0</difficult>
		<bndbox>
			<xmin>73</xmin>
			<ymin>105</ymin>
			<xmax>186</xmax>
			<ymax>264</ymax>
		</bndbox>
	</object>
</annotation>
