<annotation>
	<folder>livelong</folder>
	<filename>livelong.7d1973b0-c502-11ee-a5d4-f079598d27b3.jpg</filename>
	<path>C:\Users\Zyad\Desktop\TFODCourse\Tensorflow\workspace\images\collectedimages\livelong\livelong.7d1973b0-c502-11ee-a5d4-f079598d27b3.jpg</path>
	<source>
		<database>Unknown</database>
	</source>
	<size>
		<width>640</width>
		<height>480</height>
		<depth>3</depth>
	</size>
	<segmented>0</segmented>
	<object>
		<name>LiveLong</name>
		<pose>Unspecified</pose>
		<truncated>0</truncated>
		<difficult>0</difficult>
		<bndbox>
			<xmin>141</xmin>
			<ymin>96</ymin>
			<xmax>246</xmax>
			<ymax>264</ymax>
		</bndbox>
	</object>
</annotation>
