<annotation>
	<folder>thankyou</folder>
	<filename>thankyou.72be8162-c502-11ee-af38-f079598d27b3.jpg</filename>
	<path>C:\Users\Zyad\Desktop\TFODCourse\Tensorflow\workspace\images\collectedimages\thankyou\thankyou.72be8162-c502-11ee-af38-f079598d27b3.jpg</path>
	<source>
		<database>Unknown</database>
	</source>
	<size>
		<width>640</width>
		<height>480</height>
		<depth>3</depth>
	</size>
	<segmented>0</segmented>
	<object>
		<name>ThankYou</name>
		<pose>Unspecified</pose>
		<truncated>0</truncated>
		<difficult>0</difficult>
		<bndbox>
			<xmin>172</xmin>
			<ymin>217</ymin>
			<xmax>383</xmax>
			<ymax>336</ymax>
		</bndbox>
	</object>
</annotation>
