<annotation>
	<folder>thankyou</folder>
	<filename>thankyou.6f205594-c502-11ee-9b40-f079598d27b3.jpg</filename>
	<path>C:\Users\Zyad\Desktop\TFODCourse\Tensorflow\workspace\images\collectedimages\thankyou\thankyou.6f205594-c502-11ee-9b40-f079598d27b3.jpg</path>
	<source>
		<database>Unknown</database>
	</source>
	<size>
		<width>640</width>
		<height>480</height>
		<depth>3</depth>
	</size>
	<segmented>0</segmented>
	<object>
		<name>ThankYou</name>
		<pose>Unspecified</pose>
		<truncated>0</truncated>
		<difficult>0</difficult>
		<bndbox>
			<xmin>159</xmin>
			<ymin>202</ymin>
			<xmax>409</xmax>
			<ymax>330</ymax>
		</bndbox>
	</object>
</annotation>
