<annotation>
	<folder>thankyou</folder>
	<filename>thankyou.718a52f6-c502-11ee-9c0f-f079598d27b3.jpg</filename>
	<path>C:\Users\Zyad\Desktop\TFODCourse\Tensorflow\workspace\images\collectedimages\thankyou\thankyou.718a52f6-c502-11ee-9c0f-f079598d27b3.jpg</path>
	<source>
		<database>Unknown</database>
	</source>
	<size>
		<width>640</width>
		<height>480</height>
		<depth>3</depth>
	</size>
	<segmented>0</segmented>
	<object>
		<name>ThankYou</name>
		<pose>Unspecified</pose>
		<truncated>0</truncated>
		<difficult>0</difficult>
		<bndbox>
			<xmin>154</xmin>
			<ymin>199</ymin>
			<xmax>404</xmax>
			<ymax>339</ymax>
		</bndbox>
	</object>
</annotation>
