<annotation>
	<folder>thankyou</folder>
	<filename>thankyou.6de85934-c502-11ee-ab9f-f079598d27b3.jpg</filename>
	<path>C:\Users\Zyad\Desktop\TFODCourse\Tensorflow\workspace\images\collectedimages\thankyou\thankyou.6de85934-c502-11ee-ab9f-f079598d27b3.jpg</path>
	<source>
		<database>Unknown</database>
	</source>
	<size>
		<width>640</width>
		<height>480</height>
		<depth>3</depth>
	</size>
	<segmented>0</segmented>
	<object>
		<name>ThankYou</name>
		<pose>Unspecified</pose>
		<truncated>0</truncated>
		<difficult>0</difficult>
		<bndbox>
			<xmin>173</xmin>
			<ymin>198</ymin>
			<xmax>391</xmax>
			<ymax>307</ymax>
		</bndbox>
	</object>
</annotation>
