<annotation>
	<folder>thumbsdown</folder>
	<filename>thumbsdown.5fe912d0-c502-11ee-9623-f079598d27b3.jpg</filename>
	<path>C:\Users\Zyad\Desktop\TFODCourse\Tensorflow\workspace\images\collectedimages\thumbsdown\thumbsdown.5fe912d0-c502-11ee-9623-f079598d27b3.jpg</path>
	<source>
		<database>Unknown</database>
	</source>
	<size>
		<width>640</width>
		<height>480</height>
		<depth>3</depth>
	</size>
	<segmented>0</segmented>
	<object>
		<name>ThumbsDown</name>
		<pose>Unspecified</pose>
		<truncated>0</truncated>
		<difficult>0</difficult>
		<bndbox>
			<xmin>217</xmin>
			<ymin>155</ymin>
			<xmax>297</xmax>
			<ymax>274</ymax>
		</bndbox>
	</object>
</annotation>
