<annotation>
	<folder>thumbsup</folder>
	<filename>thumbsup.5327f914-c502-11ee-88a4-f079598d27b3.jpg</filename>
	<path>C:\Users\Zyad\Desktop\TFODCourse\Tensorflow\workspace\images\collectedimages\thumbsup\thumbsup.5327f914-c502-11ee-88a4-f079598d27b3.jpg</path>
	<source>
		<database>Unknown</database>
	</source>
	<size>
		<width>640</width>
		<height>480</height>
		<depth>3</depth>
	</size>
	<segmented>0</segmented>
	<object>
		<name>ThumbsUp</name>
		<pose>Unspecified</pose>
		<truncated>0</truncated>
		<difficult>0</difficult>
		<bndbox>
			<xmin>165</xmin>
			<ymin>101</ymin>
			<xmax>262</xmax>
			<ymax>240</ymax>
		</bndbox>
	</object>
</annotation>
