<annotation>
	<folder>thumbsup</folder>
	<filename>thumbsup.545ee400-c502-11ee-b81d-f079598d27b3.jpg</filename>
	<path>C:\Users\Zyad\Desktop\TFODCourse\Tensorflow\workspace\images\collectedimages\thumbsup\thumbsup.545ee400-c502-11ee-b81d-f079598d27b3.jpg</path>
	<source>
		<database>Unknown</database>
	</source>
	<size>
		<width>640</width>
		<height>480</height>
		<depth>3</depth>
	</size>
	<segmented>0</segmented>
	<object>
		<name>ThumbsUp</name>
		<pose>Unspecified</pose>
		<truncated>0</truncated>
		<difficult>0</difficult>
		<bndbox>
			<xmin>164</xmin>
			<ymin>102</ymin>
			<xmax>265</xmax>
			<ymax>241</ymax>
		</bndbox>
	</object>
</annotation>
